[
  {
    "CityName": "Delhi",
    "Lat": "28.6100",
    "Lng": "77.2300",
    "Country": "India",
    "Iso2": "IN",
    "Admin_name": "Delhi",
    "Capital": "admin",
    "Population": "32226000",
    "Population_proper": "16753235"
  },
  {
    "CityName": "Mumbai",
    "Lat": "19.0761",
    "Lng": "72.8775",
    "Country": "India",
    "Iso2": "IN",
    "Admin_name": "Maharashtra",
    "Capital": "admin",
    "Population": "24973000",
    "Population_proper": "12478447"
  },
  {
    "CityName": "Kolkata",
    "Lat": "22.5675",
    "Lng": "88.3700",
    "Country": "India",
    "Iso2": "IN",
    "Admin_name": "West Bengal",
    "Capital": "admin",
    "Population": "18502000",
    "Population_proper": "4496694"
  },
  {
    "CityName": "Bangalore",
    "Lat": "12.9789",
    "Lng": "77.5917",
    "Country": "India",
    "Iso2": "IN",
    "Admin_name": "Karnataka",
    "Capital": "admin",
    "Population": "15386000",
    "Population_proper": "8443675"
  },
  {
    "CityName": "Chennai",
    "Lat": "13.0825",
    "Lng": "80.2750",
    "Country": "India",
    "Iso2": "IN",
    "Admin_name": "Tamil Nadu",
    "Capital": "admin",
    "Population": "12395000",
    "Population_proper": "6727000"
  },
  {
    "CityName": "Hyderabad",
    "Lat": "17.3850",
    "Lng": "78.4867",
    "Country": "India",
    "Iso2": "IN",
    "Admin_name": "Telangana",
    "Capital": "admin",
    "Population": "10494000",
    "Population_proper": "6993262"
  },
  {
    "CityName": "Pune",
    "Lat": "18.5203",
    "Lng": "73.8567",
    "Country": "India",
    "Iso2": "IN",
    "Admin_name": "Maharashtra",
    "Capital": "",
    "Population": "8231000",
    "Population_proper": "3124458"
  },
  {
    "CityName": "Ahmedabad",
    "Lat": "23.0300",
    "Lng": "72.5800",
    "Country": "India",
    "Iso2": "IN",
    "Admin_name": "Gujarat",
    "Capital": "minor",
    "Population": "8009000",
    "Population_proper": "5570585"
  },
  {
    "CityName": "Surat",
    "Lat": "21.1702",
    "Lng": "72.8311",
    "Country": "India",
    "Iso2": "IN",
    "Admin_name": "Gujarat",
    "Capital": "",
    "Population": "6538000",
    "Population_proper": "4466826"
  },
  {
    "CityName": "Prayagraj",
    "Lat": "25.4358",
    "Lng": "81.8464",
    "Country": "India",
    "Iso2": "IN",
    "Admin_name": "Uttar Pradesh",
    "Capital": "",
    "Population": "5954391",
    "Population_proper": "5954391"
  },
  {
    "CityName": "Lucknow",
    "Lat": "26.8500",
    "Lng": "80.9500",
    "Country": "India",
    "Iso2": "IN",
    "Admin_name": "Uttar Pradesh",
    "Capital": "admin",
    "Population": "3382000",
    "Population_proper": "3382000"
  },
  {
    "CityName": "Jaipur",
    "Lat": "26.9000",
    "Lng": "75.8000",
    "Country": "India",
    "Iso2": "IN",
    "Admin_name": "Rajasthan",
    "Capital": "admin",
    "Population": "3073350",
    "Population_proper": "3073350"
  },
  {
    "CityName": "Cawnpore",
    "Lat": "26.4499",
    "Lng": "80.3319",
    "Country": "India",
    "Iso2": "IN",
    "Admin_name": "Uttar Pradesh",
    "Capital": "",
    "Population": "2701324",
    "Population_proper": "2701324"
  },
  {
    "CityName": "Mirzapur",
    "Lat": "25.1460",
    "Lng": "82.5690",
    "Country": "India",
    "Iso2": "IN",
    "Admin_name": "Uttar Pradesh",
    "Capital": "",
    "Population": "2496970",
    "Population_proper": "2496970"
  },
  {
    "CityName": "Nagpur",
    "Lat": "21.1497",
    "Lng": "79.0806",
    "Country": "India",
    "Iso2": "IN",
    "Admin_name": "Maharashtra",
    "Capital": "admin",
    "Population": "2405665",
    "Population_proper": "2405665"
  },
  {
    "CityName": "Ghaziabad",
    "Lat": "28.6700",
    "Lng": "77.4200",
    "Country": "India",
    "Iso2": "IN",
    "Admin_name": "Uttar Pradesh",
    "Capital": "",
    "Population": "2375820",
    "Population_proper": "2375820"
  },
  {
    "CityName": "Vadodara",
    "Lat": "22.3000",
    "Lng": "73.2000",
    "Country": "India",
    "Iso2": "IN",
    "Admin_name": "Gujarat",
    "Capital": "",
    "Population": "2065771",
    "Population_proper": "2065771"
  },
  {
    "CityName": "Vishakhapatnam",
    "Lat": "17.7042",
    "Lng": "83.2978",
    "Country": "India",
    "Iso2": "IN",
    "Admin_name": "Andhra Pradesh",
    "Capital": "",
    "Population": "2035922",
    "Population_proper": "2035922"
  },
  {
    "CityName": "Indore",
    "Lat": "22.7167",
    "Lng": "75.8472",
    "Country": "India",
    "Iso2": "IN",
    "Admin_name": "Madhya Pradesh",
    "Capital": "",
    "Population": "1994397",
    "Population_proper": "1994397"
  },
  {
    "CityName": "Thane",
    "Lat": "19.1972",
    "Lng": "72.9722",
    "Country": "India",
    "Iso2": "IN",
    "Admin_name": "Maharashtra",
    "Capital": "",
    "Population": "1886941",
    "Population_proper": "1886941"
  },
  {
    "CityName": "Bhopal",
    "Lat": "23.2500",
    "Lng": "77.4167",
    "Country": "India",
    "Iso2": "IN",
    "Admin_name": "Madhya Pradesh",
    "Capital": "admin",
    "Population": "1798218",
    "Population_proper": "1798218"
  },
  {
    "CityName": "Chinchvad",
    "Lat": "18.6186",
    "Lng": "73.8037",
    "Country": "India",
    "Iso2": "IN",
    "Admin_name": "Maharashtra",
    "Capital": "",
    "Population": "1729320",
    "Population_proper": "1729320"
  },
  {
    "CityName": "Patna",
    "Lat": "25.6000",
    "Lng": "85.1000",
    "Country": "India",
    "Iso2": "IN",
    "Admin_name": "Bihar",
    "Capital": "admin",
    "Population": "1684222",
    "Population_proper": "1684222"
  },
  {
    "CityName": "Bilaspur",
    "Lat": "22.0900",
    "Lng": "82.1500",
    "Country": "India",
    "Iso2": "IN",
    "Admin_name": "Chhattisgarh",
    "Capital": "",
    "Population": "1625502",
    "Population_proper": "1625502"
  },
  {
    "CityName": "Ludhiana",
    "Lat": "30.9100",
    "Lng": "75.8500",
    "Country": "India",
    "Iso2": "IN",
    "Admin_name": "Punjab",
    "Capital": "",
    "Population": "1618879",
    "Population_proper": "1618879"
  },
  {
    "CityName": "Agwar",
    "Lat": "27.1800",
    "Lng": "78.0200",
    "Country": "India",
    "Iso2": "IN",
    "Admin_name": "Uttar Pradesh",
    "Capital": "",
    "Population": "1585705",
    "Population_proper": "1585705"
  },
  {
    "CityName": "agra",
    "Lat": "27.1800",
    "Lng": "78.0200",
    "Country": "India",
    "Iso2": "IN",
    "Admin_name": "Uttar Pradesh",
    "Capital": "",
    "Population": "1585704",
    "Population_proper": "1585704"
  },
  {
    "CityName": "Madurai",
    "Lat": "9.9252",
    "Lng": "78.1198",
    "Country": "India",
    "Iso2": "IN",
    "Admin_name": "Tamil Nadu",
    "Capital": "minor",
    "Population": "1561129",
    "Population_proper": "1561129"
  },
  {
    "CityName": "Jamshedpur",
    "Lat": "22.7925",
    "Lng": "86.1842",
    "Country": "India",
    "Iso2": "IN",
    "Admin_name": "Jharkhand",
    "Capital": "",
    "Population": "1558000",
    "Population_proper": "1558000"
  },
  {
    "CityName": "Nasik",
    "Lat": "20.0000",
    "Lng": "73.7800",
    "Country": "India",
    "Iso2": "IN",
    "Admin_name": "Maharashtra",
    "Capital": "",
    "Population": "1486053",
    "Population_proper": "1486053"
  },
  {
    "CityName": "Faridabad",
    "Lat": "28.4167",
    "Lng": "77.3000",
    "Country": "India",
    "Iso2": "IN",
    "Admin_name": "Haryana",
    "Capital": "",
    "Population": "1404653",
    "Population_proper": "1404653"
  },
  {
    "CityName": "Aurangabad",
    "Lat": "19.8800",
    "Lng": "75.3200",
    "Country": "India",
    "Iso2": "IN",
    "Admin_name": "Maharashtra",
    "Capital": "",
    "Population": "1371330",
    "Population_proper": "1371330"
  },
  {
    "CityName": "Rajkot",
    "Lat": "22.3000",
    "Lng": "70.7833",
    "Country": "India",
    "Iso2": "IN",
    "Admin_name": "Gujarat",
    "Capital": "",
    "Population": "1335397",
    "Population_proper": "1335397"
  },
  {
    "CityName": "Meerut",
    "Lat": "28.9800",
    "Lng": "77.7100",
    "Country": "India",
    "Iso2": "IN",
    "Admin_name": "Uttar Pradesh",
    "Capital": "",
    "Population": "1305429",
    "Population_proper": "1305429"
  },
  {
    "CityName": "Jabalpur",
    "Lat": "23.1667",
    "Lng": "79.9333",
    "Country": "India",
    "Iso2": "IN",
    "Admin_name": "Madhya Pradesh",
    "Capital": "",
    "Population": "1267564",
    "Population_proper": "1267564"
  },
  {
    "CityName": "Kalamboli",
    "Lat": "19.2333",
    "Lng": "73.1333",
    "Country": "India",
    "Iso2": "IN",
    "Admin_name": "Maharashtra",
    "Capital": "",
    "Population": "1246381",
    "Population_proper": "1246381"
  },
  {
    "CityName": "Vasai",
    "Lat": "19.4700",
    "Lng": "72.8000",
    "Country": "India",
    "Iso2": "IN",
    "Admin_name": "Maharashtra",
    "Capital": "",
    "Population": "1222390",
    "Population_proper": "1222390"
  },
  {
    "CityName": "Najafgarh",
    "Lat": "28.6092",
    "Lng": "76.9798",
    "Country": "India",
    "Iso2": "IN",
    "Admin_name": "Delhi",
    "Capital": "",
    "Population": "1203180",
    "Population_proper": "1203180"
  },
  {
    "CityName": "Varanasi",
    "Lat": "25.3189",
    "Lng": "83.0128",
    "Country": "India",
    "Iso2": "IN",
    "Admin_name": "Uttar Pradesh",
    "Capital": "",
    "Population": "1198491",
    "Population_proper": "1198491"
  },
  {
    "CityName": "Srinagar",
    "Lat": "34.0900",
    "Lng": "74.7900",
    "Country": "India",
    "Iso2": "IN",
    "Admin_name": "Jammu and Kashmir",
    "Capital": "admin",
    "Population": "1180570",
    "Population_proper": "1180570"
  },
  {
    "CityName": "Dhanbad",
    "Lat": "23.7998",
    "Lng": "86.4305",
    "Country": "India",
    "Iso2": "IN",
    "Admin_name": "Jharkhand",
    "Capital": "",
    "Population": "1162472",
    "Population_proper": "1162472"
  },
  {
    "CityName": "Amritsar",
    "Lat": "31.6400",
    "Lng": "74.8600",
    "Country": "India",
    "Iso2": "IN",
    "Admin_name": "Punjab",
    "Capital": "",
    "Population": "1132383",
    "Population_proper": "1132383"
  },
  {
    "CityName": "Aligarh",
    "Lat": "27.8800",
    "Lng": "78.0800",
    "Country": "India",
    "Iso2": "IN",
    "Admin_name": "Uttar Pradesh",
    "Capital": "",
    "Population": "1131160",
    "Population_proper": "1131160"
  },
  {
    "CityName": "Guwahati",
    "Lat": "26.1722",
    "Lng": "91.7458",
    "Country": "India",
    "Iso2": "IN",
    "Admin_name": "Assam",
    "Capital": "",
    "Population": "1116267",
    "Population_proper": "1116267"
  },
  {
    "CityName": "Haora",
    "Lat": "22.5800",
    "Lng": "88.3294",
    "Country": "India",
    "Iso2": "IN",
    "Admin_name": "West Bengal",
    "Capital": "",
    "Population": "1077075",
    "Population_proper": "1077075"
  },
  {
    "CityName": "Ranchi",
    "Lat": "23.3600",
    "Lng": "85.3300",
    "Country": "India",
    "Iso2": "IN",
    "Admin_name": "Jharkhand",
    "Capital": "admin",
    "Population": "1073440",
    "Population_proper": "1073440"
  },
  {
    "CityName": "Gwalior",
    "Lat": "26.2215",
    "Lng": "78.1780",
    "Country": "India",
    "Iso2": "IN",
    "Admin_name": "Madhya Pradesh",
    "Capital": "",
    "Population": "1069276",
    "Population_proper": "1069276"
  },
  {
    "CityName": "Chandigarh",
    "Lat": "30.7500",
    "Lng": "76.7800",
    "Country": "India",
    "Iso2": "IN",
    "Admin_name": "Chandigarh",
    "Capital": "admin",
    "Population": "1055450",
    "Population_proper": "1055450"
  },
  {
    "CityName": "Vijayavada",
    "Lat": "16.5193",
    "Lng": "80.6305",
    "Country": "India",
    "Iso2": "IN",
    "Admin_name": "Andhra Pradesh",
    "Capital": "",
    "Population": "1048240",
    "Population_proper": "1048240"
  },
  {
    "CityName": "Jodhpur",
    "Lat": "26.2800",
    "Lng": "73.0200",
    "Country": "India",
    "Iso2": "IN",
    "Admin_name": "Rajasthan",
    "Capital": "",
    "Population": "1033918",
    "Population_proper": "1033918"
  },
  {
    "CityName": "Raipur",
    "Lat": "21.2500",
    "Lng": "81.6300",
    "Country": "India",
    "Iso2": "IN",
    "Admin_name": "Chhattisgarh",
    "Capital": "admin",
    "Population": "1010087",
    "Population_proper": "1010087"
  },
  {
    "CityName": "Kota",
    "Lat": "25.1800",
    "Lng": "75.8300",
    "Country": "India",
    "Iso2": "IN",
    "Admin_name": "Rajasthan",
    "Capital": "",
    "Population": "1001694",
    "Population_proper": "1001694"
  },
  {
    "CityName": "Kalkaji Devi",
    "Lat": "28.5485",
    "Lng": "77.2513",
    "Country": "India",
    "Iso2": "IN",
    "Admin_name": "Delhi",
    "Capital": "",
    "Population": "824177",
    "Population_proper": "824177"
  },
  {
    "CityName": "Bhayandar",
    "Lat": "19.2900",
    "Lng": "72.8500",
    "Country": "India",
    "Iso2": "IN",
    "Admin_name": "Maharashtra",
    "Capital": "",
    "Population": "809378",
    "Population_proper": "809378"
  },
  {
    "CityName": "Ambattur",
    "Lat": "13.1143",
    "Lng": "80.1548",
    "Country": "India",
    "Iso2": "IN",
    "Admin_name": "Tamil Nadu",
    "Capital": "",
    "Population": "466205",
    "Population_proper": "466205"
  },
  {
    "CityName": "Salt Lake CityName",
    "Lat": "22.6100",
    "Lng": "88.4000",
    "Country": "India",
    "Iso2": "IN",
    "Admin_name": "West Bengal",
    "Capital": "",
    "Population": "403316",
    "Population_proper": "403316"
  },
  {
    "CityName": "Bhatpara",
    "Lat": "22.8700",
    "Lng": "88.4100",
    "Country": "India",
    "Iso2": "IN",
    "Admin_name": "West Bengal",
    "Capital": "",
    "Population": "386019",
    "Population_proper": "386019"
  },
  {
    "CityName": "Kukatpalli",
    "Lat": "17.4849",
    "Lng": "78.4138",
    "Country": "India",
    "Iso2": "IN",
    "Admin_name": "Andhra Pradesh",
    "Capital": "",
    "Population": "385821",
    "Population_proper": "385821"
  },
  {
    "CityName": "Darbhanga",
    "Lat": "26.1700",
    "Lng": "85.9000",
    "Country": "India",
    "Iso2": "IN",
    "Admin_name": "Bihar",
    "Capital": "",
    "Population": "380125",
    "Population_proper": "380125"
  },
  {
    "CityName": "Dasarhalli",
    "Lat": "13.0465",
    "Lng": "77.5130",
    "Country": "India",
    "Iso2": "IN",
    "Admin_name": "Karnataka",
    "Capital": "",
    "Population": "349720",
    "Population_proper": "349720"
  },
  {
    "CityName": "Muzaffarpur",
    "Lat": "26.1225",
    "Lng": "85.3906",
    "Country": "India",
    "Iso2": "IN",
    "Admin_name": "Bihar",
    "Capital": "",
    "Population": "333200",
    "Population_proper": "333200"
  },
  {
    "CityName": "Oulgaret",
    "Lat": "11.9570",
    "Lng": "79.7737",
    "Country": "India",
    "Iso2": "IN",
    "Admin_name": "Puducherry",
    "Capital": "",
    "Population": "300104",
    "Population_proper": "300104"
  },
  {
    "CityName": "New Delhi",
    "Lat": "28.6139",
    "Lng": "77.2090",
    "Country": "India",
    "Iso2": "IN",
    "Admin_name": "Delhi",
    "Capital": "primary",
    "Population": "249998",
    "Population_proper": "249998"
  },
  {
    "CityName": "Tiruvottiyur",
    "Lat": "13.1600",
    "Lng": "80.3000",
    "Country": "India",
    "Iso2": "IN",
    "Admin_name": "Tamil Nadu",
    "Capital": "",
    "Population": "249446",
    "Population_proper": "249446"
  },
  {
    "CityName": "Puducherry",
    "Lat": "11.9167",
    "Lng": "79.8167",
    "Country": "India",
    "Iso2": "IN",
    "Admin_name": "Puducherry",
    "Capital": "admin",
    "Population": "244377",
    "Population_proper": "244377"
  },
  {
    "CityName": "Byatarayanpur",
    "Lat": "13.0659",
    "Lng": "77.5922",
    "Country": "India",
    "Iso2": "IN",
    "Admin_name": "Karnataka",
    "Capital": "",
    "Population": "239902",
    "Population_proper": "239902"
  },
  {
    "CityName": "Pallavaram",
    "Lat": "12.9675",
    "Lng": "80.1491",
    "Country": "India",
    "Iso2": "IN",
    "Admin_name": "Tamil Nadu",
    "Capital": "",
    "Population": "215417",
    "Population_proper": "215417"
  },
  {
    "CityName": "Secunderabad",
    "Lat": "17.4399",
    "Lng": "78.4983",
    "Country": "India",
    "Iso2": "IN",
    "Admin_name": "Andhra Pradesh",
    "Capital": "",
    "Population": "213698",
    "Population_proper": "213698"
  },
  {
    "CityName": "Shimla",
    "Lat": "31.1033",
    "Lng": "77.1722",
    "Country": "India",
    "Iso2": "IN",
    "Admin_name": "Himachal Pradesh",
    "Capital": "admin",
    "Population": "206575",
    "Population_proper": "206575"
  },
  {
    "CityName": "Puri",
    "Lat": "19.8106",
    "Lng": "85.8314",
    "Country": "India",
    "Iso2": "IN",
    "Admin_name": "Odisha",
    "Capital": "",
    "Population": "201026",
    "Population_proper": "201026"
  },
  {
    "CityName": "Shrirampur",
    "Lat": "22.7500",
    "Lng": "88.3400",
    "Country": "India",
    "Iso2": "IN",
    "Admin_name": "West Bengal",
    "Capital": "",
    "Population": "181842",
    "Population_proper": "181842"
  },
  {
    "CityName": "Hugli",
    "Lat": "22.9089",
    "Lng": "88.3967",
    "Country": "India",
    "Iso2": "IN",
    "Admin_name": "West Bengal",
    "Capital": "",
    "Population": "179931",
    "Population_proper": "179931"
  },
  {
    "CityName": "Chandannagar",
    "Lat": "22.8671",
    "Lng": "88.3674",
    "Country": "India",
    "Iso2": "IN",
    "Admin_name": "West Bengal",
    "Capital": "",
    "Population": "166867",
    "Population_proper": "166867"
  },
  {
    "CityName": "Sultanpur Mazra",
    "Lat": "28.6981",
    "Lng": "77.0689",
    "Country": "India",
    "Iso2": "IN",
    "Admin_name": "Delhi",
    "Capital": "",
    "Population": "163716",
    "Population_proper": "163716"
  },
  {
    "CityName": "Krishnanagar",
    "Lat": "23.4000",
    "Lng": "88.5000",
    "Country": "India",
    "Iso2": "IN",
    "Admin_name": "West Bengal",
    "Capital": "",
    "Population": "153062",
    "Population_proper": "153062"
  },
  {
    "CityName": "Barakpur",
    "Lat": "22.7642",
    "Lng": "88.3776",
    "Country": "India",
    "Iso2": "IN",
    "Admin_name": "West Bengal",
    "Capital": "",
    "Population": "152783",
    "Population_proper": "152783"
  },
  {
    "CityName": "Bhalswa Jahangirpur",
    "Lat": "28.7354",
    "Lng": "77.1638",
    "Country": "India",
    "Iso2": "IN",
    "Admin_name": "Delhi",
    "Capital": "",
    "Population": "151427",
    "Population_proper": "151427"
  },
  {
    "CityName": "Nangloi Jat",
    "Lat": "28.6833",
    "Lng": "77.0667",
    "Country": "India",
    "Iso2": "IN",
    "Admin_name": "Delhi",
    "Capital": "",
    "Population": "150371",
    "Population_proper": "150371"
  },
  {
    "CityName": "Yelahanka",
    "Lat": "13.1007",
    "Lng": "77.5963",
    "Country": "India",
    "Iso2": "IN",
    "Admin_name": "Karnataka",
    "Capital": "",
    "Population": "119891",
    "Population_proper": "119891"
  },
  {
    "CityName": "Titagarh",
    "Lat": "22.7400",
    "Lng": "88.3700",
    "Country": "India",
    "Iso2": "IN",
    "Admin_name": "West Bengal",
    "Capital": "",
    "Population": "116541",
    "Population_proper": "116541"
  },
  {
    "CityName": "Dam Dam",
    "Lat": "22.6200",
    "Lng": "88.4200",
    "Country": "India",
    "Iso2": "IN",
    "Admin_name": "West Bengal",
    "Capital": "",
    "Population": "114786",
    "Population_proper": "114786"
  },
  {
    "CityName": "Bansbaria",
    "Lat": "22.9700",
    "Lng": "88.4000",
    "Country": "India",
    "Iso2": "IN",
    "Admin_name": "West Bengal",
    "Capital": "",
    "Population": "103920",
    "Population_proper": "103920"
  },
  {
    "CityName": "Madhavaram",
    "Lat": "13.1482",
    "Lng": "80.2314",
    "Country": "India",
    "Iso2": "IN",
    "Admin_name": "Tamil Nadu",
    "Capital": "",
    "Population": "100442",
    "Population_proper": "100442"
  },
  {
    "CityName": "Baj Baj",
    "Lat": "22.4828",
    "Lng": "88.1818",
    "Country": "India",
    "Iso2": "IN",
    "Admin_name": "West Bengal",
    "Capital": "",
    "Population": "76837",
    "Population_proper": "76837"
  },
  {
    "CityName": "Nerkunram",
    "Lat": "13.0667",
    "Lng": "80.2833",
    "Country": "India",
    "Iso2": "IN",
    "Admin_name": "Tamil Nadu",
    "Capital": "",
    "Population": "52570",
    "Population_proper": "52570"
  },
  {
    "CityName": "Kendraparha",
    "Lat": "20.5000",
    "Lng": "86.4200",
    "Country": "India",
    "Iso2": "IN",
    "Admin_name": "Odisha",
    "Capital": "",
    "Population": "41404",
    "Population_proper": "41404"
  },
  {
    "CityName": "Sijua",
    "Lat": "23.7692",
    "Lng": "86.1673",
    "Country": "India",
    "Iso2": "IN",
    "Admin_name": "Jharkhand",
    "Capital": "",
    "Population": "39372",
    "Population_proper": "39372"
  },
  {
    "CityName": "Manali",
    "Lat": "13.1667",
    "Lng": "80.2667",
    "Country": "India",
    "Iso2": "IN",
    "Admin_name": "Tamil Nadu",
    "Capital": "",
    "Population": "37748",
    "Population_proper": "37748"
  },
  {
    "CityName": "Chakapara",
    "Lat": "22.6300",
    "Lng": "88.3500",
    "Country": "India",
    "Iso2": "IN",
    "Admin_name": "West Bengal",
    "Capital": "",
    "Population": "35282",
    "Population_proper": "35282"
  },
  {
    "CityName": "Pappakurichchi",
    "Lat": "10.8137",
    "Lng": "78.7481",
    "Country": "India",
    "Iso2": "IN",
    "Admin_name": "Tamil Nadu",
    "Capital": "",
    "Population": "26889",
    "Population_proper": "26889"
  },
  {
    "CityName": "Herohalli",
    "Lat": "12.9911",
    "Lng": "77.4873",
    "Country": "India",
    "Iso2": "IN",
    "Admin_name": "Karnataka",
    "Capital": "",
    "Population": "23851",
    "Population_proper": "23851"
  },
  {
    "CityName": "Madipakkam",
    "Lat": "12.9623",
    "Lng": "80.1986",
    "Country": "India",
    "Iso2": "IN",
    "Admin_name": "Tamil Nadu",
    "Capital": "",
    "Population": "20523",
    "Population_proper": "20523"
  },
  {
    "CityName": "Sabalpur",
    "Lat": "25.6053",
    "Lng": "85.1835",
    "Country": "India",
    "Iso2": "IN",
    "Admin_name": "Bihar",
    "Capital": "",
    "Population": "18810",
    "Population_proper": "18810"
  },
  {
    "CityName": "Salua",
    "Lat": "22.6100",
    "Lng": "88.2700",
    "Country": "India",
    "Iso2": "IN",
    "Admin_name": "West Bengal",
    "Capital": "",
    "Population": "15171",
    "Population_proper": "15171"
  },
  {
    "CityName": "Balasore",
    "Lat": "21.4942",
    "Lng": "86.9317",
    "Country": "India",
    "Iso2": "IN",
    "Admin_name": "Odisha",
    "Capital": "",
    "Population": "13869",
    "Population_proper": "13869"
  },
  {
    "CityName": "Jalhalli",
    "Lat": "13.0333",
    "Lng": "77.5500",
    "Country": "India",
    "Iso2": "IN",
    "Admin_name": "Karnataka",
    "Capital": "",
    "Population": "13063",
    "Population_proper": "13063"
  },
  {
    "CityName": "Chinnasekkadu",
    "Lat": "13.1609",
    "Lng": "80.2573",
    "Country": "India",
    "Iso2": "IN",
    "Admin_name": "Tamil Nadu",
    "Capital": "",
    "Population": "12854",
    "Population_proper": "12854"
  },
  {
    "CityName": "Jethuli",
    "Lat": "25.5378",
    "Lng": "85.2841",
    "Country": "India",
    "Iso2": "IN",
    "Admin_name": "Bihar",
    "Capital": "",
    "Population": "11572",
    "Population_proper": "11572"
  },
  {
    "CityName": "Nagtala",
    "Lat": "22.3693",
    "Lng": "88.6071",
    "Country": "India",
    "Iso2": "IN",
    "Admin_name": "West Bengal",
    "Capital": "",
    "Population": "10419",
    "Population_proper": "10419"
  },
  {
    "CityName": "Bagalur",
    "Lat": "13.1328",
    "Lng": "77.6685",
    "Country": "India",
    "Iso2": "IN",
    "Admin_name": "Karnataka",
    "Capital": "",
    "Population": "9925",
    "Population_proper": "9925"
  },
  {
    "CityName": "Pakri",
    "Lat": "25.5876",
    "Lng": "85.1580",
    "Country": "India",
    "Iso2": "IN",
    "Admin_name": "Bihar",
    "Capital": "",
    "Population": "9768",
    "Population_proper": "9768"
  },
  {
    "CityName": "Hunasamaranhalli",
    "Lat": "13.1435",
    "Lng": "77.6200",
    "Country": "India",
    "Iso2": "IN",
    "Admin_name": "Karnataka",
    "Capital": "",
    "Population": "9741",
    "Population_proper": "9741"
  },
  {
    "CityName": "Hesarghatta",
    "Lat": "13.1391",
    "Lng": "77.4783",
    "Country": "India",
    "Iso2": "IN",
    "Admin_name": "Karnataka",
    "Capital": "",
    "Population": "9485",
    "Population_proper": "9485"
  },
  {
    "CityName": "Bommayapalaiyam",
    "Lat": "11.9922",
    "Lng": "79.8499",
    "Country": "India",
    "Iso2": "IN",
    "Admin_name": "Tamil Nadu",
    "Capital": "",
    "Population": "8796",
    "Population_proper": "8796"
  },
  {
    "CityName": "Gundur",
    "Lat": "10.7339",
    "Lng": "78.7184",
    "Country": "India",
    "Iso2": "IN",
    "Admin_name": "Tamil Nadu",
    "Capital": "",
    "Population": "8587",
    "Population_proper": "8587"
  },
  {
    "CityName": "Punadih",
    "Lat": "25.5484",
    "Lng": "85.2649",
    "Country": "India",
    "Iso2": "IN",
    "Admin_name": "Bihar",
    "Capital": "",
    "Population": "8273",
    "Population_proper": "8273"
  },
  {
    "CityName": "Hariladih",
    "Lat": "23.6300",
    "Lng": "86.3500",
    "Country": "India",
    "Iso2": "IN",
    "Admin_name": "Jharkhand",
    "Capital": "",
    "Population": "7917",
    "Population_proper": "7917"
  },
  {
    "CityName": "Alawalpur",
    "Lat": "25.4958",
    "Lng": "85.2021",
    "Country": "India",
    "Iso2": "IN",
    "Admin_name": "Bihar",
    "Capital": "",
    "Population": "7827",
    "Population_proper": "7827"
  },
  {
    "CityName": "Madnaikanhalli",
    "Lat": "13.0626",
    "Lng": "77.4642",
    "Country": "India",
    "Iso2": "IN",
    "Admin_name": "Karnataka",
    "Capital": "",
    "Population": "7805",
    "Population_proper": "7805"
  },
  {
    "CityName": "Kadiganahalli",
    "Lat": "13.1687",
    "Lng": "77.6283",
    "Country": "India",
    "Iso2": "IN",
    "Admin_name": "Karnataka",
    "Capital": "",
    "Population": "7225",
    "Population_proper": "7225"
  },
  {
    "CityName": "Mahuli",
    "Lat": "25.5430",
    "Lng": "85.2268",
    "Country": "India",
    "Iso2": "IN",
    "Admin_name": "Bihar",
    "Capital": "",
    "Population": "6683",
    "Population_proper": "6683"
  },
  {
    "CityName": "Zeyadah Kot",
    "Lat": "22.3210",
    "Lng": "88.2457",
    "Country": "India",
    "Iso2": "IN",
    "Admin_name": "West Bengal",
    "Capital": "",
    "Population": "6457",
    "Population_proper": "6457"
  },
  {
    "CityName": "Arshakunti",
    "Lat": "13.0785",
    "Lng": "77.4225",
    "Country": "India",
    "Iso2": "IN",
    "Admin_name": "Karnataka",
    "Capital": "",
    "Population": "6262",
    "Population_proper": "6262"
  },
  {
    "CityName": "Hirapur",
    "Lat": "23.6834",
    "Lng": "87.1973",
    "Country": "India",
    "Iso2": "IN",
    "Admin_name": "West Bengal",
    "Capital": "",
    "Population": "5910",
    "Population_proper": "5910"
  },
  {
    "CityName": "Mirchi",
    "Lat": "25.5554",
    "Lng": "85.2139",
    "Country": "India",
    "Iso2": "IN",
    "Admin_name": "Bihar",
    "Capital": "",
    "Population": "5710",
    "Population_proper": "5710"
  },
  {
    "CityName": "Sonudih",
    "Lat": "25.1155",
    "Lng": "87.0214",
    "Country": "India",
    "Iso2": "IN",
    "Admin_name": "Bihar",
    "Capital": "",
    "Population": "5658",
    "Population_proper": "5658"
  },
  {
    "CityName": "Sondekoppa",
    "Lat": "13.0000",
    "Lng": "77.3667",
    "Country": "India",
    "Iso2": "IN",
    "Admin_name": "Karnataka",
    "Capital": "",
    "Population": "4866",
    "Population_proper": "4866"
  },
  {
    "CityName": "Babura",
    "Lat": "25.0851",
    "Lng": "87.1092",
    "Country": "India",
    "Iso2": "IN",
    "Admin_name": "Bihar",
    "Capital": "",
    "Population": "4755",
    "Population_proper": "4755"
  },
  {
    "CityName": "Madavar",
    "Lat": "13.0525",
    "Lng": "77.4732",
    "Country": "India",
    "Iso2": "IN",
    "Admin_name": "Karnataka",
    "Capital": "",
    "Population": "4678",
    "Population_proper": "4678"
  },
  {
    "CityName": "Kadabgeri",
    "Lat": "12.9965",
    "Lng": "77.4331",
    "Country": "India",
    "Iso2": "IN",
    "Admin_name": "Karnataka",
    "Capital": "",
    "Population": "4573",
    "Population_proper": "4573"
  },
  {
    "CityName": "Nanmangalam",
    "Lat": "12.9381",
    "Lng": "80.1753",
    "Country": "India",
    "Iso2": "IN",
    "Admin_name": "Tamil Nadu",
    "Capital": "",
    "Population": "4386",
    "Population_proper": "4386"
  },
  {
    "CityName": "Taliganja",
    "Lat": "22.5876",
    "Lng": "88.4439",
    "Country": "India",
    "Iso2": "IN",
    "Admin_name": "West Bengal",
    "Capital": "",
    "Population": "4278",
    "Population_proper": "4278"
  },
  {
    "CityName": "Tarchha",
    "Lat": "25.1116",
    "Lng": "87.0964",
    "Country": "India",
    "Iso2": "IN",
    "Admin_name": "Bihar",
    "Capital": "",
    "Population": "4198",
    "Population_proper": "4198"
  },
  {
    "CityName": "Belgharia",
    "Lat": "22.5692",
    "Lng": "88.4846",
    "Country": "India",
    "Iso2": "IN",
    "Admin_name": "West Bengal",
    "Capital": "",
    "Population": "4193",
    "Population_proper": "4193"
  },
  {
    "CityName": "Kammanhalli",
    "Lat": "13.0155",
    "Lng": "77.6381",
    "Country": "India",
    "Iso2": "IN",
    "Admin_name": "Karnataka",
    "Capital": "",
    "Population": "4144",
    "Population_proper": "4144"
  },
  {
    "CityName": "Sonnappanhalli",
    "Lat": "13.1557",
    "Lng": "77.6179",
    "Country": "India",
    "Iso2": "IN",
    "Admin_name": "Karnataka",
    "Capital": "",
    "Population": "3996",
    "Population_proper": "3996"
  },
  {
    "CityName": "Kedihati",
    "Lat": "22.6543",
    "Lng": "88.5304",
    "Country": "India",
    "Iso2": "IN",
    "Admin_name": "West Bengal",
    "Capital": "",
    "Population": "3910",
    "Population_proper": "3910"
  },
  {
    "CityName": "Doddajivanhalli",
    "Lat": "13.0086",
    "Lng": "77.6143",
    "Country": "India",
    "Iso2": "IN",
    "Admin_name": "Karnataka",
    "Capital": "",
    "Population": "3792",
    "Population_proper": "3792"
  },
  {
    "CityName": "Simli Murarpur",
    "Lat": "25.5792",
    "Lng": "85.2401",
    "Country": "India",
    "Iso2": "IN",
    "Admin_name": "Bihar",
    "Capital": "",
    "Population": "3739",
    "Population_proper": "3739"
  },
  {
    "CityName": "Sonawan",
    "Lat": "25.5445",
    "Lng": "85.2387",
    "Country": "India",
    "Iso2": "IN",
    "Admin_name": "Bihar",
    "Capital": "",
    "Population": "3682",
    "Population_proper": "3682"
  },
  {
    "CityName": "Devanandapur",
    "Lat": "22.9378",
    "Lng": "88.3698",
    "Country": "India",
    "Iso2": "IN",
    "Admin_name": "West Bengal",
    "Capital": "",
    "Population": "3449",
    "Population_proper": "3449"
  },
  {
    "CityName": "Tribeni",
    "Lat": "23.0269",
    "Lng": "88.4565",
    "Country": "India",
    "Iso2": "IN",
    "Admin_name": "West Bengal",
    "Capital": "",
    "Population": "3305",
    "Population_proper": "3305"
  },
  {
    "CityName": "Huttanhalli",
    "Lat": "13.1651",
    "Lng": "77.6512",
    "Country": "India",
    "Iso2": "IN",
    "Admin_name": "Karnataka",
    "Capital": "",
    "Population": "3240",
    "Population_proper": "3240"
  },
  {
    "CityName": "Nathupur",
    "Lat": "25.5163",
    "Lng": "85.2544",
    "Country": "India",
    "Iso2": "IN",
    "Admin_name": "Bihar",
    "Capital": "",
    "Population": "3129",
    "Population_proper": "3129"
  },
  {
    "CityName": "Bali",
    "Lat": "25.4810",
    "Lng": "85.2227",
    "Country": "India",
    "Iso2": "IN",
    "Admin_name": "Bihar",
    "Capital": "",
    "Population": "3128",
    "Population_proper": "3128"
  },
  {
    "CityName": "Vajarhalli",
    "Lat": "13.1022",
    "Lng": "77.4111",
    "Country": "India",
    "Iso2": "IN",
    "Admin_name": "Karnataka",
    "Capital": "",
    "Population": "3009",
    "Population_proper": "3009"
  },
  {
    "CityName": "Saino",
    "Lat": "25.1134",
    "Lng": "87.0108",
    "Country": "India",
    "Iso2": "IN",
    "Admin_name": "Bihar",
    "Capital": "",
    "Population": "2987",
    "Population_proper": "2987"
  },
  {
    "CityName": "Shekhpura",
    "Lat": "25.5725",
    "Lng": "85.1428",
    "Country": "India",
    "Iso2": "IN",
    "Admin_name": "Bihar",
    "Capital": "",
    "Population": "2950",
    "Population_proper": "2950"
  },
  {
    "CityName": "Cachohalli",
    "Lat": "13.0010",
    "Lng": "77.4717",
    "Country": "India",
    "Iso2": "IN",
    "Admin_name": "Karnataka",
    "Capital": "",
    "Population": "2946",
    "Population_proper": "2946"
  },
  {
    "CityName": "Narayanpur Kola",
    "Lat": "25.1293",
    "Lng": "87.0076",
    "Country": "India",
    "Iso2": "IN",
    "Admin_name": "Bihar",
    "Capital": "",
    "Population": "2919",
    "Population_proper": "2919"
  },
  {
    "CityName": "Gyan Chak",
    "Lat": "25.5496",
    "Lng": "85.2423",
    "Country": "India",
    "Iso2": "IN",
    "Admin_name": "Bihar",
    "Capital": "",
    "Population": "2855",
    "Population_proper": "2855"
  },
  {
    "CityName": "Kasgatpur",
    "Lat": "13.1101",
    "Lng": "77.5045",
    "Country": "India",
    "Iso2": "IN",
    "Admin_name": "Karnataka",
    "Capital": "",
    "Population": "2852",
    "Population_proper": "2852"
  },
  {
    "CityName": "Kitanelli",
    "Lat": "13.0095",
    "Lng": "77.4191",
    "Country": "India",
    "Iso2": "IN",
    "Admin_name": "Karnataka",
    "Capital": "",
    "Population": "2827",
    "Population_proper": "2827"
  },
  {
    "CityName": "Harchandi",
    "Lat": "25.1000",
    "Lng": "87.0442",
    "Country": "India",
    "Iso2": "IN",
    "Admin_name": "Bihar",
    "Capital": "",
    "Population": "2827",
    "Population_proper": "2827"
  },
  {
    "CityName": "Santoshpur",
    "Lat": "22.4650",
    "Lng": "88.2193",
    "Country": "India",
    "Iso2": "IN",
    "Admin_name": "West Bengal",
    "Capital": "",
    "Population": "2808",
    "Population_proper": "2808"
  },
  {
    "CityName": "Bendravadi",
    "Lat": "12.3636",
    "Lng": "76.9137",
    "Country": "India",
    "Iso2": "IN",
    "Admin_name": "Karnataka",
    "Capital": "",
    "Population": "2684",
    "Population_proper": "2684"
  },
  {
    "CityName": "Kodagihalli",
    "Lat": "12.9771",
    "Lng": "77.4651",
    "Country": "India",
    "Iso2": "IN",
    "Admin_name": "Karnataka",
    "Capital": "",
    "Population": "2585",
    "Population_proper": "2585"
  },
  {
    "CityName": "Harna Buzurg",
    "Lat": "25.0981",
    "Lng": "87.0148",
    "Country": "India",
    "Iso2": "IN",
    "Admin_name": "Bihar",
    "Capital": "",
    "Population": "2579",
    "Population_proper": "2579"
  },
  {
    "CityName": "Mailanhalli",
    "Lat": "13.1863",
    "Lng": "77.6963",
    "Country": "India",
    "Iso2": "IN",
    "Admin_name": "Karnataka",
    "Capital": "",
    "Population": "2543",
    "Population_proper": "2543"
  },
  {
    "CityName": "Sultanpur",
    "Lat": "25.5248",
    "Lng": "85.2507",
    "Country": "India",
    "Iso2": "IN",
    "Admin_name": "Bihar",
    "Capital": "",
    "Population": "2473",
    "Population_proper": "2473"
  }
]